{
  "cameras": [
    {
      "name": "frame_1",
      "position": [
        0.0,
        0.0,
        0.0
      ],
      "rotation_matrix": [
        [
          1.0,
          0.0,
          0.0
        ],
        [
          0.0,
          1.0,
          0.0
        ],
        [
          0.0,
          0.0,
          1.0
        ]
      ],
      "matrix_world": [
        [
          1.0,
          0.0,
          0.0,
          0.0
        ],
        [
          0.0,
          1.0,
          0.0,
          0.0
        ],
        [
          0.0,
          0.0,
          1.0,
          0.0
        ],
        [
          0.0,
          0.0,
          0.0,
          1.0
        ]
      ],
      "intrinsics": [
        [
          1000.0,
          0.0,
          960.0
        ],
        [
          0.0,
          1000.0,
          540.0
        ],
        [
          0.0,
          0.0,
          1.0
        ]
      ],
      "image_size": [
        1920,
        1080
      ]
    },
    {
      "name": "frame_2",
      "position": [
        -0.1084366887807846,
        -0.5046054124832153,
        0.09132909774780273
      ],
      "rotation_matrix": [
        [
          0.9636182188987732,
          0.26702773571014404,
          0.011669064871966839
        ],
        [
          -0.25857922434806824,
          0.9203016757965088,
          0.29356682300567627
        ],
        [
          0.06765139102935791,
          -0.2859037220478058,
          0.955867350101471
        ]
      ],
      "matrix_world": [
        [
          0.9636182188987732,
          0.26702773571014404,
          0.011669064871966839,
          -0.1084366887807846
        ],
        [
          -0.25857922434806824,
          0.9203016757965088,
          0.29356682300567627,
          -0.5046054124832153
        ],
        [
          0.06765139102935791,
          -0.2859037220478058,
          0.955867350101471,
          0.09132909774780273
        ],
        [
          0.0,
          0.0,
          0.0,
          1.0
        ]
      ],
      "intrinsics": [
        [
          1000.0,
          0.0,
          960.0
        ],
        [
          0.0,
          1000.0,
          540.0
        ],
        [
          0.0,
          0.0,
          1.0
        ]
      ],
      "image_size": [
        1920,
        1080
      ]
    }
  ]
}