{
  "success": true,
  "reprojection_error": 6.622900304819048,
  "num_correspondences": 93,
  "num_pairs": 4,
  "camera_matrix1": [
    [
      1822.4780855962454,
      0.0,
      1917.1566559543403
    ],
    [
      0.0,
      1820.6438558188695,
      1069.4841774237136
    ],
    [
      0.0,
      0.0,
      1.0
    ]
  ],
  "camera_matrix2": [
    [
      1815.0716214064378,
      0.0,
      1976.4079472447872
    ],
    [
      0.0,
      1807.2226710241284,
      1098.0968386171294
    ],
    [
      0.0,
      0.0,
      1.0
    ]
  ],
  "dist_coeffs1": [
    [
      0.0076402536929663775,
      -0.01863190958029777,
      -0.0023270149253709657,
      -0.00032688442826358816,
      0.019599939633589383
    ]
  ],
  "dist_coeffs2": [
    [
      0.00028691252000803057,
      -0.022224713580331977,
      0.0033330823621120173,
      0.01235982015843116,
      0.04560570486639234
    ]
  ],
  "rotation_matrix": [
    [
      -0.9793866308667085,
      -0.19627639489967938,
      -0.04772215507228019
    ],
    [
      0.20108221472319707,
      -0.9249327495424089,
      -0.32259161760023103
    ],
    [
      0.01917733562233597,
      -0.3255379941406298,
      0.9453344615369332
    ]
  ],
  "translation_vector": [
    [
      0.08090442045197509
    ],
    [
      2.730138223842587
    ],
    [
      0.6064354177975915
    ]
  ],
  "essential_matrix": [
    [
      -0.06958659988332952,
      -0.3278517427129517,
      2.776524730155028
    ],
    [
      -0.595486271899366,
      -0.092691494793746,
      -0.1054221417933852
    ],
    [
      2.690129316894991,
      0.46103054009485644,
      0.10418899182236367
    ]
  ],
  "fundamental_matrix": [
    [
      3.1591266865142505e-09,
      1.4898969705253433e-08,
      -0.00025171418011302
    ],
    [
      2.715159081693146e-08,
      4.230587940360255e-09,
      -4.781812619574547e-05
    ],
    [
      -0.0002577295281849304,
      -7.211992506057013e-05,
      1.0
    ]
  ],
  "image_size": [
    3840,
    2160
  ]
}
