{
  "success": true,
  "reprojection_error": 2.108894444911282,
  "num_correspondences": 125,
  "num_pairs": 8,
  "camera_matrix1": [
    [
      1831.4515967609964,
      0.0,
      1918.7076357523504
    ],
    [
      0.0,
      1831.238338407364,
      1066.1287219204394
    ],
    [
      0.0,
      0.0,
      1.0
    ]
  ],
  "camera_matrix2": [
    [
      1829.870833318412,
      0.0,
      1905.8961319061777
    ],
    [
      0.0,
      1822.3403933299555,
      1101.2313551945595
    ],
    [
      0.0,
      0.0,
      1.0
    ]
  ],
  "dist_coeffs1": [
    [
      0.01180408404391138,
      -0.027492700793769358,
      -0.00176365894885447,
      -0.0011568479503672978,
      0.014613033351725204
    ]
  ],
  "dist_coeffs2": [
    [
      0.022524039955446835,
      -0.09291617529928198,
      0.003431630233513014,
      -0.0012494587985945993,
      0.11028482715389305
    ]
  ],
  "rotation_matrix": [
    [
      -0.9769124407913036,
      -0.20103014383488318,
      -0.07231157788974057
    ],
    [
      0.21283897845232455,
      -0.8865197136983144,
      -0.4108313114596181
    ],
    [
      0.018483838306714503,
      -0.4167369415998358,
      0.9088391877705688
    ]
  ],
  "translation_vector": [
    [
      0.7376237050263137
    ],
    [
      2.9635961344594914
    ],
    [
      1.4830848676852042
    ]
  ],
  "essential_matrix": [
    [
      -0.2608796364404664,
      0.07974398307884534,
      3.302730004919188
    ],
    [
      -1.4624781752859064,
      0.00925028261411015,
      -0.7776255358831468
    ],
    [
      3.0521690090945133,
      -0.05814579861812208,
      -0.08873660138896133
    ]
  ],
  "fundamental_matrix": [
    [
      1.054590434724882e-08,
      -3.2239785574011007e-09,
      -0.0002613160796880433
    ],
    [
      5.936411179986329e-08,
      -3.7552612442858265e-10,
      -5.5692338872099084e-05
    ],
    [
      -0.00031124636101734264,
      1.0859738839537012e-05,
      1.0
    ]
  ],
  "image_size": [
    3840,
    2160
  ]
}
