{
  "success": true,
  "reprojection_error": 2.790190315056759,
  "num_correspondences": 48,
  "num_pairs": 12,
  "camera_matrix1": [
    [
      891.281938960453,
      0.0,
      949.3799981678484
    ],
    [
      0.0,
      905.8320330684749,
      546.364830403895
    ],
    [
      0.0,
      0.0,
      1.0
    ]
  ],
  "camera_matrix2": [
    [
      867.8915935346585,
      0.0,
      962.1590970089068
    ],
    [
      0.0,
      867.2534513271406,
      546.4081668054454
    ],
    [
      0.0,
      0.0,
      1.0
    ]
  ],
  "dist_coeffs1": [
    [
      -0.49301796006581394,
      1.7623842398004146,
      -0.0022249220817606493,
      -0.0002557040570707731,
      -3.177543307193767
    ]
  ],
  "dist_coeffs2": [
    [
      -0.25820874636648955,
      0.09467578348744034,
      -0.0030250712834119006,
      0.00031675729060897577,
      -0.019425161138356045
    ]
  ],
  "rotation_matrix": [
    [
      0.9698627780395292,
      0.03753644834429307,
      -0.24074303067616107
    ],
    [
      -0.00357851547786848,
      0.9901497285742092,
      0.139966814750477
    ],
    [
      0.24362550359192994,
      -0.1348871011257782,
      0.9604436911914528
    ]
  ],
  "translation_vector": [
    [
      -0.03680634560200774
    ],
    [
      -0.7549972542253651
    ],
    [
      -0.20297765660443592
    ]
  ],
  "essential_matrix": [
    [
      -0.1846629449569994,
      0.302817662573893,
      -0.6967222136271823
    ],
    [
      -0.18789350943166408,
      -0.012583761583466427,
      0.08421587863975762
    ],
    [
      0.73237544647265,
      -0.008103877674322978,
      -0.1869119940909127
    ]
  ],
  "fundamental_matrix": [
    [
      6.132824878778444e-07,
      -9.895310827279017e-07,
      0.002020724558066816
    ],
    [
      6.244706472070935e-07,
      4.1150788771793586e-08,
      -0.0008648081241222775
    ],
    [
      -0.0030422514774299148,
      0.0009525841995798208,
      1.0
    ]
  ],
  "image_size": [
    1920,
    1080
  ]
}
