

{
  "camera_matrix": [
    [
      876.9847466794132,
      0.0,
      951.0517301809255
    ],
    [
      0.0,
      879.5414076362276,
      536.9894062533168
    ],
    [
      0.0,
      0.0,
      1.0
    ]
  ],
  "dist_coeffs": [
    [
      -0.27565830142515063,
      0.1221458940699071,
      0.0003394834751073223,
      -0.00026059858303172984,
      -0.03161830555799939
    ]
  ],
  "reprojection_error": 0.04369988409429135
}