{
  "success": true,
  "reprojection_error": 4.962778007352695,
  "num_correspondences": 1441,
  "num_pairs": 35,
  "camera_matrix1": [
    [
      1817.2413108452947,
      0.0,
      1870.6091041690852
    ],
    [
      0.0,
      1808.6787354068827,
      1082.5141708398382
    ],
    [
      0.0,
      0.0,
      1.0
    ]
  ],
  "camera_matrix2": [
    [
      1816.5944451283196,
      0.0,
      1915.88386112751
    ],
    [
      0.0,
      1813.493695709905,
      1085.1803748761927
    ],
    [
      0.0,
      0.0,
      1.0
    ]
  ],
  "dist_coeffs1": [
    [
      0.008788035960635895,
      -0.010855388284253233,
      -0.0003567595029287058,
      -0.009327552653625601,
      0.0016691422635093439
    ]
  ],
  "dist_coeffs2": [
    [
      0.0014228968801388022,
      -0.014634736097238688,
      0.0015631538922520835,
      -0.0007613338441178446,
      0.024825403993030782
    ]
  ],
  "rotation_matrix": [
    [
      -0.9479033365649248,
      -0.30645821546652474,
      -0.08696336413775642
    ],
    [
      0.3115515939409117,
      -0.8349020747024556,
      -0.4537335451235808
    ],
    [
      0.0664444793941545,
      -0.45718911604565604,
      0.8868840078203188
    ]
  ],
  "translation_vector": [
    [
      0.3315820040631956
    ],
    [
      1.940782443975137
    ],
    [
      0.7080026042654494
    ]
  ],
  "essential_matrix": [
    [
      -0.09162506076597449,
      -0.2961917668019556,
      2.042493443810073
    ],
    [
      -0.693149824516325,
      -0.06537753131454221,
      -0.35564506496987625
    ],
    [
      1.9429790560786722,
      0.31793022126302095,
      0.018327092184799387
    ]
  ],
  "fundamental_matrix": [
    [
      5.722575088384048e-09,
      1.8586660870441332e-08,
      -0.0002626448086041789
    ],
    [
      4.3365691263174715e-08,
      4.1095932716212905e-09,
      -4.5134778823972584e-05
    ],
    [
      -0.00027846994594124845,
      -7.631203682919475e-05,
      1.0
    ]
  ],
  "image_size": [
    3840,
    2160
  ]
}
