

{
  "camera_matrix": [
    [
      916.0022983404496,
      0.0,
      963.6813080720457
    ],
    [
      0.0,
      934.769566917927,
      551.4747372102561
    ],
    [
      0.0,
      0.0,
      1.0
    ]
  ],
  "dist_coeffs": [
    [
      -0.013569767039648071,
      0.03166344901406813,
      0.0036643212585919047,
      0.0005994493406140578,
      -0.02111268937632773
    ]
  ],
  "reprojection_error": 0.048842251499033144
}
