{
  "cameras": [
    {
      "name": "frame_1",
      "position": [
        0.0,
        0.0,
        0.0
      ],
      "rotation_matrix": [
        [
          1.0,
          0.0,
          0.0
        ],
        [
          0.0,
          1.0,
          0.0
        ],
        [
          0.0,
          0.0,
          1.0
        ]
      ],
      "matrix_world": [
        [
          1.0,
          0.0,
          0.0,
          0.0
        ],
        [
          0.0,
          1.0,
          0.0,
          0.0
        ],
        [
          0.0,
          0.0,
          1.0,
          0.0
        ],
        [
          0.0,
          0.0,
          0.0,
          1.0
        ]
      ],
      "intrinsics": [
        [
          1000.0,
          0.0,
          960.0
        ],
        [
          0.0,
          1000.0,
          540.0
        ],
        [
          0.0,
          0.0,
          1.0
        ]
      ],
      "image_size": [
        1920,
        1080
      ]
    },
    {
      "name": "frame_2",
      "position": [
        -0.237917959690094,
        -0.191036194562912,
        -0.037035226821899414
      ],
      "rotation_matrix": [
        [
          0.9321377873420715,
          0.35797441005706787,
          0.054529838263988495
        ],
        [
          -0.3620165288448334,
          0.9245917797088623,
          0.11863435059785843
        ],
        [
          -0.00794976856559515,
          -0.13032425940036774,
          0.9914395213127136
        ]
      ],
      "matrix_world": [
        [
          0.9321377873420715,
          0.35797441005706787,
          0.054529838263988495,
          -0.237917959690094
        ],
        [
          -0.3620165288448334,
          0.9245917797088623,
          0.11863435059785843,
          -0.191036194562912
        ],
        [
          -0.00794976856559515,
          -0.13032425940036774,
          0.9914395213127136,
          -0.037035226821899414
        ],
        [
          0.0,
          0.0,
          0.0,
          1.0
        ]
      ],
      "intrinsics": [
        [
          1000.0,
          0.0,
          960.0
        ],
        [
          0.0,
          1000.0,
          540.0
        ],
        [
          0.0,
          0.0,
          1.0
        ]
      ],
      "image_size": [
        1920,
        1080
      ]
    }
  ]
}