{
  "success": true,
  "reprojection_error": 0.40915364141574617,
  "num_correspondences": 60,
  "num_pairs": 15,
  "camera_matrix1": [
    [
      917.0257472796264,
      0.0,
      964.9643504568411
    ],
    [
      0.0,
      937.3159168613917,
      550.7710376586153
    ],
    [
      0.0,
      0.0,
      1.0
    ]
  ],
  "camera_matrix2": [
    [
      877.5558461001538,
      0.0,
      954.0500438617815
    ],
    [
      0.0,
      880.003421854407,
      537.307677768001
    ],
    [
      0.0,
      0.0,
      1.0
    ]
  ],
  "dist_coeffs1": [
    [
      -0.010855331343459458,
      0.023306444829371147,
      0.0035627305915639914,
      0.0008964727258532856,
      -0.01183066034675788
    ]
  ],
  "dist_coeffs2": [
    [
      -0.27696788942817235,
      0.12539740561458565,
      0.0005771809041566311,
      -0.00030473432657746415,
      -0.03353187273016796
    ]
  ],
  "rotation_matrix": [
    [
      0.08518605507870919,
      -0.7898129076675136,
      -0.6074034136403209
    ],
    [
      0.8864226149979261,
      0.3384461506916203,
      -0.3157675580268871
    ],
    [
      0.4549706404158027,
      -0.5115171296875723,
      0.7289389154077464
    ]
  ],
  "translation_vector": [
    [
      1.64842373139634
    ],
    [
      -0.1432243958346301
    ],
    [
      0.07922366404983378
    ]
  ],
  "essential_matrix": [
    [
      -0.13538854255281893,
      0.046448787717214335,
      -0.0793855728246665
    ],
    [
      -0.7432356493407136,
      0.78062510313346,
      -1.2497209308814012
    ],
    [
      1.4734007958811661,
      0.4447821900767366,
      -0.6075137232031184
    ]
  ],
  "fundamental_matrix": [
    [
      8.889251414301954e-08,
      -2.983686557011787e-08,
      -2.154719293115368e-05
    ],
    [
      4.86631493276473e-07,
      -5.000480405960865e-07,
      0.0005561874779113489
    ],
    [
      -0.0011952225432379602,
      4.641859385493069e-05,
      0.9999999999999999
    ]
  ],
  "image_size": [
    1920,
    1080
  ]
}
