{
  "success": true,
  "reprojection_error": 2.8001782400173876,
  "num_correspondences": 190,
  "num_pairs": 6,
  "camera_matrix1": [
    [
      1817.2413108452947,
      0.0,
      1870.6091041690852
    ],
    [
      0.0,
      1808.6787354068827,
      1082.5141708398382
    ],
    [
      0.0,
      0.0,
      1.0
    ]
  ],
  "camera_matrix2": [
    [
      1816.5944451283196,
      0.0,
      1915.88386112751
    ],
    [
      0.0,
      1813.493695709905,
      1085.1803748761927
    ],
    [
      0.0,
      0.0,
      1.0
    ]
  ],
  "dist_coeffs1": [
    [
      0.008788035960635895,
      -0.010855388284253233,
      -0.0003567595029287058,
      -0.009327552653625601,
      0.0016691422635093439
    ]
  ],
  "dist_coeffs2": [
    [
      0.0014228968801388022,
      -0.014634736097238688,
      0.0015631538922520835,
      -0.0007613338441178446,
      0.024825403993030782
    ]
  ],
  "rotation_matrix": [
    [
      -0.9741769282551852,
      -0.22020856200326688,
      0.04987486015764897
    ],
    [
      0.1841256580002283,
      -0.9026530125942475,
      -0.3889926489286298
    ],
    [
      0.13067920462443386,
      -0.36976442240294377,
      0.9198897854654883
    ]
  ],
  "translation_vector": [
    [
      0.3686968166410096
    ],
    [
      2.6565802028107326
    ],
    [
      0.639632397034091
    ]
  ],
  "essential_matrix": [
    [
      0.22938705194215844,
      -0.40494273412370374,
      2.692573293298288
    ],
    [
      -0.6712961305013797,
      -0.00452156491451286,
      -0.30725885920732976
    ],
    [
      2.655865685604312,
      0.25219641403238235,
      -0.27591691746950364
    ]
  ],
  "fundamental_matrix": [
    [
      -1.1138645431962251e-08,
      1.9756420392208174e-08,
      -0.00023814900968826728
    ],
    [
      3.265273435643152e-08,
      2.209761231275144e-10,
      -3.41601709455449e-05
    ],
    [
      -0.00024836963087219495,
      -6.04425562244575e-05,
      1.0
    ]
  ],
  "image_size": [
    3840,
    2160
  ]
}
