{
  "success": true,
  "reprojection_error": 7.934708838380877,
  "num_correspondences": 1871,
  "num_pairs": 43,
  "camera_matrix1": [
    [
      1831.4515967609964,
      0.0,
      1918.7076357523504
    ],
    [
      0.0,
      1831.238338407364,
      1066.1287219204394
    ],
    [
      0.0,
      0.0,
      1.0
    ]
  ],
  "camera_matrix2": [
    [
      1829.870833318412,
      0.0,
      1905.8961319061777
    ],
    [
      0.0,
      1822.3403933299555,
      1101.2313551945595
    ],
    [
      0.0,
      0.0,
      1.0
    ]
  ],
  "dist_coeffs1": [
    [
      0.01180408404391138,
      -0.027492700793769358,
      -0.00176365894885447,
      -0.0011568479503672978,
      0.014613033351725204
    ]
  ],
  "dist_coeffs2": [
    [
      0.022524039955446835,
      -0.09291617529928198,
      0.003431630233513014,
      -0.0012494587985945993,
      0.11028482715389305
    ]
  ],
  "rotation_matrix": [
    [
      -0.9928015830925974,
      -0.0682477193069522,
      -0.0984239067413604
    ],
    [
      0.10388803252222098,
      -0.8996335730511468,
      -0.42410695695530504
    ],
    [
      -0.05960111834097157,
      -0.4312791242903214,
      0.9002477568113564
    ]
  ],
  "translation_vector": [
    [
      0.12023990594029553
    ],
    [
      1.8074300198928224
    ],
    [
      0.7528220948882699
    ]
  ],
  "essential_matrix": [
    [
      -0.18593405678585584,
      -0.1022428050992309,
      1.9464119087938008
    ],
    [
      -0.740236534728905,
      0.0004785703186748966,
      -0.18234139726207818
    ],
    [
      1.806910872337473,
      0.015181120460202494,
      0.12689974310653546
    ]
  ],
  "fundamental_matrix": [
    [
      1.2536980321312153e-08,
      6.894731027854176e-09,
      -0.00027176657873389983
    ],
    [
      5.0118198105618056e-08,
      -3.240568941910592e-11,
      -7.35173555737872e-05
    ],
    [
      -0.0003020275399574304,
      -1.497826150735658e-05,
      1.0
    ]
  ],
  "image_size": [
    3840,
    2160
  ]
}
