{
  "success": true,
  "reprojection_error": 0.6827730434187123,
  "num_correspondences": 52,
  "num_pairs": 13,
  "camera_matrix1": [
    [
      916.0022983404496,
      0.0,
      963.6813080720457
    ],
    [
      0.0,
      934.769566917927,
      551.4747372102561
    ],
    [
      0.0,
      0.0,
      1.0
    ]
  ],
  "camera_matrix2": [
    [
      876.9847466794132,
      0.0,
      951.0517301809255
    ],
    [
      0.0,
      879.5414076362276,
      536.9894062533168
    ],
    [
      0.0,
      0.0,
      1.0
    ]
  ],
  "dist_coeffs1": [
    [
      -0.013569767039648071,
      0.03166344901406813,
      0.0036643212585919047,
      0.0005994493406140578,
      -0.02111268937632773
    ]
  ],
  "dist_coeffs2": [
    [
      -0.27565830142515063,
      0.1221458940699071,
      0.0003394834751073223,
      -0.00026059858303172984,
      -0.03161830555799939
    ]
  ],
  "rotation_matrix": [
    [
      0.9977050548341609,
      0.04767201536705752,
      0.04808328721298965
    ],
    [
      -0.0660690623159099,
      0.8408107448366565,
      0.5372822073844649
    ],
    [
      -0.014815618888869904,
      -0.5392259918791654,
      0.8420307756364193
    ]
  ],
  "translation_vector": [
    [
      -0.06425924295162323
    ],
    [
      -1.4684488814429777
    ],
    [
      -0.2892163533081317
    ]
  ],
  "essential_matrix": [
    [
      0.002647725715751295,
      1.0350020220638925,
      -1.0810883499067845
    ],
    [
      -0.2895046580898842,
      -0.048437780457302904,
      0.04020178720155603
    ],
    [
      1.4693244197081725,
      0.015974055713094057,
      0.036082501426113335
    ]
  ],
  "fundamental_matrix": [
    [
      3.641898975621722e-08,
      1.395044617905239e-05,
      -0.021349529692214306
    ],
    [
      -3.970509197621573e-06,
      -6.509788572621163e-07,
      0.004690351796936622
    ],
    [
      0.019821603220424158,
      -0.012729204555393126,
      1.0
    ]
  ],
  "image_size": [
    1920,
    1080
  ]
}
