{
  "success": true,
  "reprojection_error": 4.886756286044688,
  "num_correspondences": 993,
  "num_pairs": 31,
  "camera_matrix1": [
    [
      1822.4780855962454,
      0.0,
      1917.1566559543403
    ],
    [
      0.0,
      1820.6438558188695,
      1069.4841774237136
    ],
    [
      0.0,
      0.0,
      1.0
    ]
  ],
  "camera_matrix2": [
    [
      1815.0716214064378,
      0.0,
      1976.4079472447872
    ],
    [
      0.0,
      1807.2226710241284,
      1098.0968386171294
    ],
    [
      0.0,
      0.0,
      1.0
    ]
  ],
  "dist_coeffs1": [
    [
      0.0076402536929663775,
      -0.01863190958029777,
      -0.0023270149253709657,
      -0.00032688442826358816,
      0.019599939633589383
    ]
  ],
  "dist_coeffs2": [
    [
      0.00028691252000803057,
      -0.022224713580331977,
      0.0033330823621120173,
      0.01235982015843116,
      0.04560570486639234
    ]
  ],
  "rotation_matrix": [
    [
      -0.8702300403172114,
      -0.4415747667014505,
      -0.21842939898755445
    ],
    [
      0.48550354105789156,
      -0.6934843190899896,
      -0.532321153812754
    ],
    [
      0.08358222627899395,
      -0.5692901058237821,
      0.8178769998364025
    ]
  ],
  "translation_vector": [
    [
      0.3656442802843006
    ],
    [
      1.88373488970723
    ],
    [
      0.7146321394676427
    ]
  ],
  "essential_matrix": [
    [
      -0.1895096784641722,
      -0.5768054520668388,
      1.9210772451139984
    ],
    [
      -0.6524557185132441,
      -0.10740584924587263,
      -0.45514871568737186
    ],
    [
      1.8168042818624526,
      0.5782412197077451,
      0.21682289464466448
    ]
  ],
  "fundamental_matrix": [
    [
      1.1713950551550972e-08,
      3.56893520586178e-08,
      -0.0002770375771895336
    ],
    [
      4.0504673350527965e-08,
      6.674509270973809e-09,
      -3.329653288383158e-05
    ],
    [
      -0.00027146232021749915,
      -0.0001428059520414428,
      1.0
    ]
  ],
  "image_size": [
    3840,
    2160
  ]
}
